1000650,Arvicola amphibius gammaherpesvirus 1
1000651,Elephas maximus gammaherpesvirus 2
1000652,Procavia capensis gammaherpesvirus 2
1000653,Sorex araneus betaherpesvirus 1
1000654,Sorex araneus betaherpesvirus 2
1000655,Sorex araneus betaherpesvirus 3
1000656,Sorex araneus betaherpesvirus 4
1000657,Sorex araneus betaherpesvirus 5
1000658,Sorex minutus betaherpesvirus 1
1000659,Sorex minutus betaherpesvirus 2
101947,Pseudorabies virus Ea
10295,Bovine alphaherpesvirus 2
10296,Bovine herpesvirus type 2 (strain BMV)
10297,Bovine herpesvirus type 2 (strain BHM-1)
10298,Human alphaherpesvirus 1
10299,Human alphaherpesvirus 1 strain 17
10300,Human alphaherpesvirus 1 strain A44
10301,Human alphaherpesvirus 1 strain Angelotti
10302,Human alphaherpesvirus 1 strain CL101
10303,Human alphaherpesvirus 1 strain HFEM
10304,Human alphaherpesvirus 1 strain F
10305,Human alphaherpesvirus 1 strain HZT
10306,Human alphaherpesvirus 1 strain KOS
10307,Human alphaherpesvirus 1 strain MP
10308,Human alphaherpesvirus 1 strain Patton
10309,Human alphaherpesvirus 1 strain SC16
10310,Human alphaherpesvirus 2
10312,Human herpesvirus 2 strain 186
10313,Human herpesvirus 2 strain 333
10314,Human herpesvirus 2 strain G
10315,Human herpesvirus 2 strain HG52
10316,Human herpesvirus 2 strain SA8
10317,Cercopithecine alphaherpesvirus 2
10320,bovine alphaherpesvirus 1
10321,Bovine herpesvirus type 1.2 strain Q3932
10322,Bovine herpesvirus type 1 strain 6660
10323,Bovine herpesvirus type 1.1 (strain Cooper)
10324,Bovine herpesvirus type 1.1 (strain P8-2)
10325,Macacine alphaherpesvirus 1
10326,Equid alphaherpesvirus 1
10327,Equine herpesvirus type 1 (isolate HSV25A)
10328,Equine herpesvirus type 1 (strain AB1)
10329,Equine herpesvirus type 1 (strain Kentucky A)
10330,Equine herpesvirus type 1 (strain Kentucky D)
10331,Equid alphaherpesvirus 4
10333,Equine herpesvirus type 4 (strain 1942)
10334,Felid alphaherpesvirus 1
10335,Human alphaherpesvirus 3
10336,Human herpesvirus 3 acyclovir-resistant strain 40A2
10337,Human herpesvirus 3 acyclovir-resistant strain 7-1-3
10338,Human herpesvirus 3 strain Dumas
10339,Human herpesvirus 3 acyclovir-resistant strain GK
10340,Human herpesvirus 3 strain Scott
10341,Human herpesvirus 3 wild strains
10343,Infectious laryngotracheitis virus (strain SA-2)
10344,Infectious laryngotracheitis virus (strain Thorne V882)
10345,Suid alphaherpesvirus 1
10346,Suid herpesvirus 1 strain Becker
10349,Suid herpesvirus 1 (strain NIA-3)
10350,Suid herpesvirus 1 (strain Rice)
10353,Saimiriine alphaherpesvirus 1
10355,Bovine herpesvirus 4 (isolate DN-599)
10359,Human betaherpesvirus 5
10360,Human herpesvirus 5 strain AD169
10361,Human herpesvirus 5 strain Colburn
10362,Human herpesvirus 5 strain Eisenhardt
10363,Human herpesvirus 5 strain Towne
10364,Simian cytomegalovirus
10366,Murid betaherpesvirus 1
10367,Murine cytomegalovirus (strain Smith)
10368,Human betaherpesvirus 6
10369,Human herpesvirus 6 (strain GS)
10370,Human herpesvirus 6 (strain Uganda-1102)
10371,Equid gammaherpesvirus 5
10372,Human betaherpesvirus 7
10373,Macaca mulatta cytomegalovirus
10376,human gammaherpesvirus 4
10377,Human herpesvirus 4 strain B95-8
10378,Human herpesvirus 4 strain RAJI
10380,Ateline gammaherpesvirus 2
10381,Saimiriine gammaherpesvirus 2
10382,Herpesvirus saimiri (strain 484-77)
10383,Herpesvirus saimiri (strain 11)
10384,Herpesvirus saimiri (strain 488)
10385,Bovine gammaherpesvirus 4
10386,Gallid alphaherpesvirus 1
10387,Marek's disease herpesvirus type 1 strain BC-1
10388,Marek's disease herpesvirus strain GA
10389,Marek's disease herpesvirus type 1 strain MD5
10390,Gallid alphaherpesvirus 2
10391,Gallid herpesvirus 2 strain FC126
10392,Gallid herpesvirus 2 strain H2
103920,Guinea pig cytomegalovirus (strain 22122 / ATCC VR682) (GPCMV)
103921,Human herpesvirus 2 strain B4327UR
10395,Herpesvirus sylvilagus
10397,Tupaiid betaherpesvirus 1
10398,Ovine gammaherpesvirus 2
10400,Simian gamma-herpesvirus
104223,Deer malignant catarrhal fever virus
104240,Cynomolgus Epstein-Barr Virus TsB-B6
1042528,Recombinant Human herpesvirus 03/10478
104388,anatid alphaherpesvirus 1
1045882,Fisher herpesvirus
107236,California sea lion herpesvirus
107323,Bottlenose dolphin herpesvirus
109047,Chlorocebus rhadinovirus 1
109048,Chlorocebus rhadinovirus 2
1093774,Ateles belzebuth Lymphocryptovirus 1
1093775,Ateles fusciceps Lymphocryptovirus 1
1093776,Ateles geoffroyi Lymphocryptovirus 1
1093777,Cebus albifrons lymphocryptovirus 2
1093778,Cebus apella Lymphocryptovirus 1
1093779,Cebus capucinus Lymphocryptovirus 1
1093780,Cebus capucinus Lymphocryptovirus 2
1093781,Lagothrix lagotricha Lymphocryptovirus 1
1093782,Saguinus oedipus Lymphocryptovirus 1
1093783,Saimiri boliviensis boliviensis Lymphocryptovirus 1
1093784,Saimiri sciureus albigena Lymphocryptovirus 1
1093785,Saimiri sciureus macrodon Lymphocryptovirus 1
1093786,Saimiri sciureus sciureus Lymphocryptovirus 1
1098913,Phasianid herpesvirus 1
111468,Macaque gamma virus
111469,Retroperitoneal fibromatosis-associated herpesvirus
1123959,Gallid herpesvirus 2 strain 814
1125844,Cebine betaherpesvirus 1
1136452,Cytomegalovirus Baboon/eye/CII-163(a)
1136453,Cytomegalovirus Baboon/optic nerve/CII-163
1136454,Cytomegalovirus Baboon/spinal nerve/CII-028
1136455,Cytomegalovirus Baboon/trachea/CII-163
1136456,Cytomegalovirus Guenon/muscle/BM-002
1136457,Lymphocryptovirus Baboon/bone marrow/CII-013
1136458,Lymphocryptovirus Baboon/eye/CII-163(b)
1136459,Lymphocryptovirus Green Monkey/marrow/CII-040
1136460,Lymphocryptovirus Green Monkey/marrow/CII-051
1136461,Lymphocryptovirus Green Monkey/trachea/CII-044
1136462,Lymphocryptovirus Green Monkey/trachea/CII-144
1136463,Lymphocryptovirus Mangabey/muscle/BM-008
114769,Cynomolgus Epstein-Barr Virus Si-IIA
114770,Cynomolgus Epstein-Barr Virus A4
1166470,Elephant endotheliotropic herpesvirus 7
1177628,Human herpesvirus 2 strain SD90
1200670,Myotis ricketti herpesvirus 1
1200671,Myotis ricketti herpesvirus 2
1204577,Otariid herpesvirus 3
1204578,Phocid herpesvirus 6
120505,Baboon cytomegalovirus
1206068,Elephant gammaherpesvirus 5A
1206069,Elephant endotheliotropic herpesvirus 7A
1210004,Phascolarctid herpesvirus 2
1226368,Ursid gammaherpesvirus 1
1232896,Lagenorhynchus alphaherpesvirus 1
123630,Macaca nemestrina rhadinovirus 2
1240711,Otariid herpesvirus 4
1249499,Reindeer gammaherpesvirus
12509,Human herpesvirus 4 type 2
1256524,Cynomolgus herpesvirus 4
1261657,Murid betaherpesvirus 8
126283,Herpes simplex virus unknown type
12657,Equid gammaherpesvirus 2
1273575,Capreolus herpesvirus 1
1282341,Macropodid herpesvirus 4
1288357,Canid herpesvirus 2
1324804,Pteropine herpesvirus 2
132678,Tupaiid herpesvirus 2
1329409,Elephant endotheliotropic herpesvirus 3A
1329410,Elephant endotheliotropic herpesvirus 1A/1B
1343901,Pteropodid alphaherpesvirus 1
134392,Saimiriine herpesvirus 3
135102,Caprine gammaherpesvirus 2
135725,Pan troglodytes rhadinovirus 1
135748,Murine herpesvirus 72
1370096,Cervid herpesvirus 3
137208,Human herpesvirus 3 MSP
1379307,Colobus polykomos cytomegalovirus 1
1379308,Piliocolobus badius cytomegalovirus 2
1379309,Piliocolobus badius cytomegalovirus 1
1379310,Piliocolobus badius cytomegalovirus 1b
1379311,Colobus polykomos rhadinovirus 1
1379312,Piliocolobus badius rhadinovirus 1
1379684,Piliocolobus badius cytomegalovirus 3
1419109,Harp seal herpesvirus
1419110,Hooded seal herpesvirus
1419111,Ringed seal herpesvirus
1434720,Beluga whale alphaherpesvirus 1
144208,Mandrillus herpesvirus 2
144209,Mandrillus cytomegalovirus
144210,Mandrillus betaherpesvirus
144211,Mandrillus herpesvirus 1
1452541,Lynx rufus gammaherpesvirus 1
1452542,Puma concolor gammaherpesvirus 1
1478596,Bottlenose dolphin herpesvirus V1353-K263
1479000,Bottlenose dolphin herpesvirus 201MG_R
1479476,Bottlenose dolphin herpesvirus DP01_K310
1485966,Dolphin herpesvirus V3528
1495287,Emydid herpesvirus 1
1504288,Bovine gammaherpesvirus 6
1510155,Falconid herpesvirus 1
1535247,Saimiriine betaherpesvirus 4
1543219,Gorilla gorilla herpesvirus 7
1543220,Pan paniscus herpesvirus 7
1543221,Pan troglodytes herpesvirus 7
1564904,Dolphin gammaherpesvirus
1567495,Symphalangus syndactylus lymphocryptovirus 1
1582275,Terrapene herpesvirus 2
159602,Panine gammaherpesvirus 1
159603,Pongine gammaherpesvirus 2
159604,gorilline gammaherpesvirus 1
160458,Human herpesvirus 3 strain Ellen
1605972,Cricetid gammaherpesvirus 2
1608255,Suid betaherpesvirus 2
1638619,Sulid herpesvirus 1
1640278,Rat cytomegalovirus ALL-03
1643444,Phoenicopterid herpesvirus 1
1647106,Rupicapra pyrenaica gammaherpesvirus 1
1654930,Mandrillus leucophaeus cytomegalovirus
1667587,Papio ursinus cytomegalovirus
1676471,Pan troglodytes lymphocryptovirus
1676472,Papio hamadryas lymphocryptovirus
167786,Suid herpesvirus 1 (strain TNL)
1690255,Cynomolgus macaque cytomegalovirus strain Mauritius
169968,Porcine gamma-herpesvirus
169974,Baboon gamma-herpesvirus
170325,Canid alphaherpesvirus 1
1706830,Leopardus pardalis gammaherpesvirus 1
1706831,Lynx rufus gammaherpesvirus 2
1718189,Bat gammaherpesvirus SuShr-2015
172584,Vervet cytomegalovirus CSG
172930,Gerrhosaurid herpesvirus 1
172931,Gerrhosaurid herpesvirus 2
172932,Gerrhosaurid herpesvirus 3
1732025,Myotis alcathoe betaherpesvirus 1
173566,Equid herpesvirus 6
173567,Asinine herpesvirus 4.3
173568,Asinine herpesvirus AHV5-1
173569,Asinine herpesvirus AHV5-2
173570,Asinine herpesvirus AHV5-3
173571,Asinine herpesvirus AHV5a
1746170,Helodermatid herpesvirus 1
1749251,Elephant endotheliotropic herpesvirus 3B
1756184,Elephant endotheliotropic herpesvirus 4A
175816,American bison gammaherpesvirus
1758209,Balaenoptera acutorostrata gammaherpesvirus 1
1758210,Balaenoptera acutorostrata gammaherpesvirus 2
1758211,Balaenoptera physalus alphaherpesvirus
1758212,Ziphius cavirostris alphaherpesvirus 2
1758214,Delphinus delphis alphaherpesvirus
1758215,Grampus griseus alphaherpesvirus
1758216,Stenella coeruleoalba alphaherpesvirus 1
1758217,Stenella coeruleoalba alphaherpesvirus 2
1758218,Ziphius cavirostris alphaherpesvirus 1
1770252,Penguin herpesvirus 2
1778911,Bat gammaherpesvirus 8
1780507,Myotis gammaherpesvirus 8
1806069,Elephant gammaherpesvirus 4
1814125,Macropodid herpesvirus 6
1835087,Eptesicus isabellinus gammaherpesvirus 1
1835088,Miniopterus schreibersii gammaherpesvirus 1
1835089,Myotis capaccinii gammaherpesvirus 1
1835090,Myotis daubentonii gammaherpesvirus 1
1835091,Myotis emarginatus gammaherpesvirus 1
1835092,Myotis myotis gammaherpesvirus 1
1835093,Nyctalus lasiopterus gammaherpesvirus 1
1835094,Nyctalus leisleri gammaherpesvirus 1
1835095,Rousettus aegyptiacus gammaherpesvirus 1
1835096,Tadarida teniotis gammaherpesvirus 1
1835097,Tadarida teniotis betaherpesvirus 3
1835098,Myotis escalerai betaherpesvirus 2
1869105,Cercopithecus kandti lymphocryptovirus
1869106,Gorilla beringei beringei lymphocryptovirus 1
1869107,Cercopithecus kandti cytomegalovirus
1869108,Gorilla beringei beringei cytomegalovirus
1869109,Cercopithecus kandti rhadinovirus
1869110,Gorilla beringei beringei rhadinovirus 1
1881000,Alouatta macconnelli cytomegalovirus
1881001,Alouatta palliata cytomegalovirus
1881002,Alouatta seniculus cytomegalovirus
1881003,Aotus nancymaae cytomegalovirus
1881004,Aotus vociferans cytomegalovirus
1881005,Ateles paniscus cytomegalovirus
1881006,Cebus albifrons cytomegalovirus
1881007,Cebus capucinus cytomegalovirus
1881008,Pithecia pithecia cytomegalovirus
1881009,Saimiri boliviensis boliviensis cytomegalovirus
1881010,Saimiri boliviensis cytomegalovirus
1881011,Saimiri sciureus albigena cytomegalovirus
1881012,Cebus apella cytomegalovirus
188763,Panine betaherpesvirus 2
1919083,Cynomolgus cytomegalovirus
1954225,Desmodus rotundus gammaherpesvirus
1954226,Diphylla ecaudata gammaherpesvirus
1954377,Cetacean alphaherpesvirus
1959846,Molossus molossus gammaherpesvirus 1
1960249,Suid gammaherpesvirus 3
1960250,Suid gammaherpesvirus 4
1960251,Suid gammaherpesvirus 5
1962168,Gorilla beringei beringei cytomegalovirus 2
1962169,Gorilla beringei beringei cytomegalovirus 1
1982743,Delphinapterus leucas alphaherpesvirus
1982744,Beluga whale alphaherpesvirus
1986399,Megabat gammaherpesvirus
199308,Porcine lymphotropic herpesvirus 3
199702,Passerid herpesvirus 1
2003507,Panine alphaherpesvirus 3
2015379,Mustelid alphaherpesvirus 1
2026363,Mule deer alphaherpesvirus
202910,Bubaline alphaherpesvirus 1
2035399,Eptesicus fuscus gammaherpesvirus
2052651,Vombatid gammaherpesvirus 1
2054179,Rhinolophus gammaherpesvirus 1
205912,unidentified cytomegalovirus
2086349,Neotropic cormorant herpesvirus
209045,Macaca fascicularis rhadinovirus 1
209061,Saimiri sciureus lymphocryptovirus 2
209062,Pithecia pithecia lymphocryptovirus 1
209063,Callithrix penicillata lymphocryptovirus 1
209064,Cebus albifrons lymphocryptovirus 1
209266,Ateles paniscus lymphocryptovirus 1
2115790,Cervid alphaherpesvirus 3
2115842,Cacatuid alphaherpesvirus 1
2115843,Podargid alphaherpesvirus 1
2126357,Megabat betaherpesvirus
213997,Human herpesvirus 2 strain SN03
213998,Human herpesvirus 2 strain SS01
213999,Human herpesvirus 2 strain ST04
2152471,Otariid herpesvirus 6
2171489,Strigid herpesvirus 1
221244,Macaca fuscata lymphocryptovirus 2
221245,Macaca mulatta lymphocryptovirus 1
221246,Macaca sylvanus lymphocryptovirus 1
2212646,Stenella frontalis alphaherpesvirus
221685,Callithrix jacchus lymphocryptovirus 1
221686,Macaca thibetana lymphocryptovirus 1
221687,Cercocebus aterrimus lymphocryptovirus 1
221688,Hylobates leucogenys lymphocryptovirus 1
221689,Papio hamadryas lymphocryptovirus 1
221690,Mandrillus sphinx lymphocryptovirus 2
221983,Saimiri sciureus rhadinovirus 1
221984,Sus barbatus rhadinovirus 1
221985,Babyrousa babyrussa rhadinovirus 1
221986,Sus barbatus lymphotropic herpesvirus 1
224585,Ruminant type 1 rhadinovirus in ibex
224586,Ruminant type 1 rhadinovirus in oryx
224587,Ruminant type 2 rhadinovirus in oryx
2249313,Phascolarctid gammaherpesvirus 1
227124,Type 2 ruminant rhadinovirus of bighorn sheep
227125,Type 2 ruminant rhadinovirus of domestic sheep
227126,Type 2 ruminant rhadinovirus of black-tailed deer
227127,Type 2 ruminant rhadinovirus of mule deer
227128,Type 2 ruminant rhadinovirus of bison
227129,Type 2 ruminant rhadinovirus of elk
227130,Type 2 ruminant rhadinovirus of addax
227132,Type 2 ruminant rhadinovirus of Oryx
227134,Type 2 ruminant rhadinovirus
227135,Type 1 ruminant rhadinovirus
227136,Muskox rhadinovirus 1
227451,Type 2 ruminant rhadinovirus of goat
227452,Type 1 ruminant rhadinovirus of muskox
230176,Hylobates lar lymphocryptovirus 1
230177,Erythrocebus patas lymphocryptovirus 1
230456,Phacochoerus africanus cytomegalovirus 1
230457,Phacochoerus africanus rhadinovirus 1
230458,Hexaprotodon liberiensis gammaherpesvirus 1
230460,Diceros bicornis gammaherpesvirus 1
230461,Tupaia belangeri gammaherpesvirus 1
2321065,Opheodrys herpes virus 1
240511,Hylobates muelleri lymphocryptovirus 1
240513,Phacochoerus africanus lymphotropic herpesvirus 1
2419785,Murid herpesvirus 3
2494334,Alphaherpesvirinae sp.
2495533,Ursid gammaherpesvirus 2
2508171,Lynx canadensis gammaherpesvirus 1
2510939,Cytomegalovirus sp.
254249,Pan troglodytes herpesvirus 6
2560410,Elephantid betaherpesvirus 4
2560411,Elephantid betaherpesvirus 5
2560468,Felid gammaherpesvirus 1
2560567,macacine betaherpesvirus 8
2560568,macacine betaherpesvirus 9
2560569,macacine gammaherpesvirus 10
2560570,macacine gammaherpesvirus 11
2560571,macacine gammaherpesvirus 12
2560572,Macacine gammaherpesvirus 8
2560581,Mandrilline betaherpesvirus 1
2560599,Monodontid alphaherpesvirus 1
2560603,Murid betaherpesvirus 3
2560624,Papiine betaherpesvirus 4
2560643,phocid gammaherpesvirus 3
2560777,Spheniscid alphaherpesvirus 1
2560801,Testudinid alphaherpesvirus 3
2560830,Vespertilionid gammaherpesvirus 1
256817,Fibropapilloma-associated turtle herpesvirus
258922,Hylobates nomascus leucogenys lymphocryptovirus 1
2597325,Colobine gammaherpesvirus 1
2599603,Cervid alphaherpesvirus 4
262398,Human herpesvirus 7 strain RK
262584,Hylobates leucogenys rhadinovirus 2
263683,Bovine herpesvirus 5 strain TX89
2665497,Lymphocryptovirus sp.
2681586,Betaherpesvirinae sp.
2706554,Marten gammaherpesvirus 3
2706555,Marten gammaherpesvirus 4
2706556,Marten alphaherpesvirus 1
2706557,Marten alphaherpesvirus 2
2706558,Ovine herpesvirus 3
2708065,Mustelid gammaherpesvirus 2
2708066,Mustelid gammaherpesvirus 3
2716967,Axis porcinus gammaherpesvirus 1
2716968,Bovidae gammaherpesvirus 1
2716969,Bovidae gammaherpesvirus 2
2716970,Bovidae gammaherpesvirus 3
2716971,Bovidae gammaherpesvirus 4
2716972,Bovidae gammaherpesvirus 5
2716973,Bovidae gammaherpesvirus 9
2716974,Capra nubiana gammaherpesvirus 1
2716975,Cephalophinae gammaherpesvirus 1
2716976,Cephalophus rufilatus gammaherpesvirus 1
2716977,Damaliscus korrigum gammaherpesvirus 1
2716978,Eudorcas rufifrons gammaherpesvirus 1
2716979,Eudorcas rufifrons gammaherpesvirus 2
2716980,Eudorcas rufifrons gammaherpesvirus 3
2716981,Gazella spekei gammaherpesvirus 1
2716982,Gazella subgutturosa gammaherpesvirus 1
2716983,Hippotraginae gammaherpesvirus 2
2716984,Kobus ellipsiprymnus gammaherpesvirus 1
2716985,Kobus ellipsiprymnus gammaherpesvirus 2
2716986,Litocranius walleri gammaherpesvirus 1
2716987,Madoqua kirkii gammaherpesvirus 1
2716988,Pelea capreolus gammaherpesvirus 1
2716989,Philantomba monticola gammaherpesvirus 1
2716990,Philantomba monticola gammaherpesvirus 2
2716991,Rucervus eldii gammaherpesvirus 1
2716992,Ruminantia gammaherpesvirus 1
2716993,Ruminantia gammaherpesvirus 2
2716994,Ruminantia gammaherpesvirus 3
2716995,Ruminantia gammaherpesvirus 4
2716996,Rusa timorensis gammaherpesvirus 1
2716997,Rusa timorensis gammaherpesvirus 2
2716998,Rusa unicolor equina gammaherpesvirus 1
2716999,Rusa unicolor unicolor gammaherpesvirus 1
2717000,Rusa unicolor unicolor gammaherpesvirus 2
2717850,Walrus alphaherpesvirus 1
2721739,Callosciurus erythraeus betaherpesvirus 1
2721740,Callosciurus prevostii betaherpesvirus 1
2721741,Sciurus carolinensis betaherpesvirus 1
2721742,Sciurus vulgaris betaherpesvirus 1
2721744,Callosciurus erythraeus gammaherpesvirus 1
2721745,Sciurus carolinensis gammaherpesvirus 1
2721746,Tamias striatus gammaherpesvirus 1
2721747,Urocitellus richardsonii gammaherpesvirus 1
272551,Macaca fuscata rhadinovirus
2729004,Leporid gammaherpesvirus 5
2736206,Desmodus rotundus betaherpesvirus
2737701,Onychoprion fuscatus alphaherpesvirus 1
2737702,Anoura geoffroyi gammaherpesvirus 1
2737703,Anoura geoffroyi gammaherpesvirus A
2737704,Artibeus planirostris gammaherpesvirus 1
2737705,Carollia perspicillata gammaherpesvirus 1
2737706,Carollia perspicillata gammaherpesvirus 2
2737707,Carollia perspicillata gammaherpesvirus A
2737708,Desmodus rotundus gammaherpesvirus 1
2737709,Desmodus rotundus gammaherpesvirus 2
2737710,Desmodus rotundus gammaherpesvirus 3
2737711,Desmodus rotundus gammaherpesvirus A
2737712,Desmodus rotundus gammaherpesvirus B
2737713,Desmodus rotundus gammaherpesvirus C
2737714,Diaemus youngi gammaherpesvirus 1
2737715,Diaemus youngi gammaherpesvirus A
2737716,Molossus coibensis gammaherpesvirus 1
2737717,Molossus coibensis gammaherpesvirus A
2737718,Molossus molossus gammaherpesvirus A
2737719,Pteronotus rubiginosus gammaherpesvirus A
2737720,Pteronotus rubiginosus gammaherpesvirus B
2737721,Sturnira angeli gammaherpesvirus 1
2737722,Sturnira angeli gammaherpesvirus A
2737723,Sturnira tildae gammaherpesvirus A
2737724,Molossus molossus betaherpesvirus 1
2737725,Sturnira tildae betaherpesvirus 1
2737726,Pteronotus alitonus betaherpesvirus 1
2749858,Tadarida betaherpesvirus
2760740,Bonobo alphaherpesvirus
2760741,Mountain gorilla alphaherpesvirus
2762721,Macropodid alphaherpesvirus 4
2781101,Glossophaga soricina betaherpesvirus
2781102,Myotis oxyotus betaherpesvirus
2781353,Artibeus lituratus betaherpesvirus
2781354,Diphylla ecaudata betaherpesvirus
2781355,Rhynchonycteris naso betaherpesvirus
2781356,Saccopteryx bilineata betaherpesvirus
2781357,Sturnira lilium betaherpesvirus
2781867,Tadarida gammaherpesvirus
2795229,Japanese cytomegalovirus
2798299,Rhesus cytomegalovirus strain 68-1.2
2798300,Rhesus cytomegalovirus strain 68-1_FL
2809864,Simplexvirus sp.
2809955,Varicellovirus sp.
28304,Murid betaherpesvirus 2
2839067,Cingulatid gammaherpesvirus 1
2845554,Macacine alphaherpesvirus 2
2845555,Macacine alphaherpesvirus 3
2846598,vespertilionid gammaherpesvirus 3
2859764,Otariid alphaherpesvirus 1
2859765,Otariid gammaherpesvirus 5
2859766,Otariid gammaherpesvirus 6
2860270,Mesoplodon bidens alphaherpesvirus
2860271,Mesoplodon densirostris alphaherpesvirus
2860272,Mesoplodon europaeus alphaherpesvirus
2860273,Ziphius cavirostris alphaherpesvirus
2864869,Phascolarctid alphaherpesvirus 3
2876862,Pteropus gammaherpesvirus 1
2876863,Pteropus gammaherpesvirus 2
2876864,Pteropus gammaherpesvirus 3
2876865,Pteropus gammaherpesvirus 4
2876866,Pteropus betaherpesvirus 1
2879123,Marmot herpesvirus 1
2909269,Iniid alphaherpesvirus 1
2909270,Iniid gammaherpesvirus 1
2909271,Pontoporiid gammaherpesvirus 1
291612,Equid gammaherpesvirus 7
291823,Cercocebus agilis cytomegalovirus 1
291829,Tursiops truncatus alphaherpesvirus 1
291832,Nycticebus coucang betaherpesvirus 1
291835,Cercopithecus neglectus lymphocryptovirus 2
291836,Chlorocebus aethiops lymphocryptovirus 1
291837,Hylobates syndactylus lymphocryptovirus 1
291838,Leontopithecus rosalia lymphocryptovirus 1
291839,Cercopithecus hamlyni lymphocryptovirus 1
291840,Miopithecus talapoin lymphocryptovirus 1
291841,Cercopithecus nictitans lymphocryptovirus 1
291842,Lophocebus albigena lymphocrytovirus 1
291843,Cercopithecus cephus lymphocrytovirus 1
2936981,Turdid alphaherpesvirus 1
2942217,Indotestudo elongata herpesvirus
2942218,Terrapene alphaherpesvirus 3
295027,Human herpesvirus 5 strain Merlin
2966553,Testudinid alphaherpesvirus 1
2976373,Aethomys kaiseri betaherpesvirus
2976374,Arvicanthis niloticus betaherpesvirus
2976376,Grammomys betaherpesvirus
2976377,Lemniscomys striatus betaherpesvirus
2976378,Mus minutoides betaherpesvirus
2982300,Meleagrid alphaherpesvirus 2
2994164,Trichechid gammaherpesvirus 1
299472,Springbok herpesvirus 1
299473,Springbok herpesvirus 2
299474,Impala herpesvirus 1
2999084,Herpesviridae HV-26
3028788,Dolichotine alphaherpesvirus 1
3028789,Dolichotine gammaherpesvirus 1
3031173,Pyxis alphaherpesvirus 1
3036203,Alcelaphine herpesvirus 3
3037243,Megaptera novaeangliae alphaherpesvirus
3042376,Psittacid alphaherpesvirus 6
3043730,Caviid gammaherpesvirus 2
3044451,Mustelid gammaherpesvirus 4
3044452,Ursid gammaherpesvirus 3
3044897,Orthoherpesviridae sp.
3048266,Manticavirus phascolarctidgamma1
3048326,Mardivirus spheniscidalpha1
3048446,Manticavirus vombatidgamma1
3048761,Peromyscus leucopus gammaherpesvirus
3049524,Mardivirus anatidalpha1
3050134,Macavirus alcelaphinegamma1
3050135,Macavirus alcelaphinegamma2
3050137,Cytomegalovirus aotinebeta1
3050138,Simplexvirus atelinealpha1
3050139,Rhadinovirus atelinegamma2
3050140,Rhadinovirus atelinegamma3
3050243,Varicellovirus bovinealpha1
3050244,Simplexvirus bovinealpha2
3050245,Varicellovirus bovinealpha5
3050246,Rhadinovirus bovinegamma4
3050247,Macavirus bovinegamma6
3050249,Varicellovirus bubalinealpha1
3050250,Lymphocryptovirus callitrichinegamma3
3050251,Varicellovirus canidalpha1
3050252,Varicellovirus caprinealpha1
3050253,Macavirus caprinegamma2
3050254,Quwivirus caviidbeta2
3050255,Cytomegalovirus cebinebeta1
3050256,Simplexvirus cercopithecinealpha2
3050257,Varicellovirus cercopithecinealpha9
3050258,Cytomegalovirus cercopithecinebeta5
3050259,Varicellovirus cervidalpha1
3050260,Varicellovirus cervidalpha2
3050261,Varicellovirus cervidalpha3
3050262,Scutavirus chelonidalpha5
3050267,Mardivirus columbidalpha1
3050268,Rhadinovirus cricetidgamma2
3050272,Bossavirus delphinidgamma1
3050273,Proboscivirus elephantidbeta1
3050274,Proboscivirus elephantidbeta4
3050275,Proboscivirus elephantidbeta5
3050276,Varicellovirus equidalpha1
3050277,Varicellovirus equidalpha3
3050278,Varicellovirus equidalpha4
3050279,Varicellovirus equidalpha8
3050280,Varicellovirus equidalpha9
3050281,Percavirus equidgamma2
3050282,Percavirus equidgamma5
3050284,Varicellovirus felidalpha1
3050285,Percavirus felidgamma1
3050286,Iltovirus gallidalpha1
3050287,Mardivirus gallidalpha2
3050288,Mardivirus gallidalpha3
3050289,Lymphocryptovirus gorillinegamma1
3050291,Macavirus hippotraginegamma1
3050292,Simplexvirus humanalpha1
3050293,Simplexvirus humanalpha2
3050294,Varicellovirus humanalpha3
3050295,Cytomegalovirus humanbeta5
3050296,Roseolovirus humanbeta6a
3050297,Roseolovirus humanbeta6b
3050298,Roseolovirus humanbeta7
3050299,Lymphocryptovirus humangamma4
3050300,Rhadinovirus humangamma8
3050304,Simplexvirus leporidalpha4
3050305,Simplexvirus macacinealpha1
3050306,Simplexvirus macacinealpha2
3050307,Simplexvirus macacinealpha3
3050308,Cytomegalovirus macacinebeta3
3050309,Cytomegalovirus macacinebeta8
3050310,Roseolovirus macacinebeta9
3050311,Lymphocryptovirus macacinegamma10
3050312,Rhadinovirus macacinegamma11
3050313,Rhadinovirus macacinegamma12
3050314,Lymphocryptovirus macacinegamma4
3050315,Rhadinovirus macacinegamma5
3050316,Rhadinovirus macacinegamma8
3050317,Simplexvirus macropodidalpha1
3050318,Simplexvirus macropodidalpha2
3050319,Cytomegalovirus mandrillinebeta1
3050320,Mardivirus meleagridalpha1
3050321,Quwivirus miniopteridbeta1
3050322,Varicellovirus monodontidalpha1
3050323,Muromegalovirus muridbeta1
3050324,Muromegalovirus muridbeta2
3050325,Roseolovirus muridbeta3
3050326,Muromegalovirus muridbeta8
3050327,Rhadinovirus muridgamma4
3050328,Rhadinovirus muridgamma7
3050330,Percavirus mustelidgamma1
3050332,Macavirus ovinegamma2
3050333,Simplexvirus paninealpha3
3050334,Cytomegalovirus paninebeta2
3050335,Lymphocryptovirus paninegamma1
3050336,Simplexvirus papiinealpha2
3050337,Cytomegalovirus papiinebeta3
3050338,Cytomegalovirus papiinebeta4
3050339,Lymphocryptovirus papiinegamma1
3050340,Varicellovirus phocidalpha1
3050341,Percavirus phocidgamma3
3050343,Lymphocryptovirus ponginegamma2
3050344,Iltovirus psittacidalpha1
3050345,Simplexvirus pteropodidalpha1
3050348,Simplexvirus saimiriinealpha1
3050349,Cytomegalovirus saimiriinebeta4
3050350,Rhadinovirus saimiriinegamma2
3050355,Varicellovirus suidalpha1
3050356,Roseolovirus suidbeta2
3050357,Macavirus suidgamma3
3050358,Macavirus suidgamma4
3050359,Macavirus suidgamma5
3050360,Scutavirus testudinidalpha3
3050362,Quwivirus tupaiidbeta1
3050364,Percavirus vespertilionidgamma1
3050365,Patagivirus vespertilionidgamma3
3058372,Balaenopterid alphaherpesvirus 2
3060047,Iltovirus cacatuidalpha2
3060048,Iltovirus psittacidalpha5
3060174,Lymphocryptovirus macacinegamma13
3060539,Percavirus rhinolophidgamma1
3060652,Proboscivirus elephantidbeta3
3060666,Rhadinovirus colobinegamma1
3060711,Simplexvirus macropodidalpha4
3060712,Simplexvirus pteropodidalpha2
3060786,Varicellovirus equidalpha6
3067700,Otariid gammaherpesvirus 7
3068935,Galictis cuja betaherpesvirus
3068936,Galictis cuja gammaherpesvirus
3068937,Kogiid gammaherpesvirus 2
3068938,Leopardus guttulus gammaherpesvirus
3068939,Leopardus pardalis gammaherpesvirus
3068940,Lontra longicaudis alphaherpesvirus
3068941,Lontra longicaudis gammaherpesvirus
3068942,Puma yagouaroundi gammaherpesvirus
3068943,Sotalia guianensis alphaherpesvirus
3068944,Stenella frontalis gammaherpesvirus
3068945,procyonid gammaherpesvirus 1
3068946,procyonid gammaherpesvirus 2
3068947,procyonid gammaherpesvirus 3
3068954,Nasua nasua gammaherpesvirus
3077833,Tetrao urogallus alphaherpesvirus 1
3080522,Anatid alphaherpesvirus 2
308703,Macaca fascicularis cytomegalovirus 1
308704,Papio anubis lymphocryptovirus 1
308705,Cercopithecus neglectus lymphocryptovirus 1
308706,Cercopithecus cephus cytomegalovirus 1
308707,Crocidura russula cytomegalovirus 1
308714,Mus musculus rhadinovirus 1
308716,Apodemus agrarius rhadinovirus 1
308718,Clethrionomys glareolus rhadinovirus 1
308719,Hippopotamus amphibius rhadinovirus 1
308721,Saimiri sciureus lymphocryptovirus 3
308725,Pan troglodytes roseolovirus 1
3109230,Otariid gammaherpesvirus 8
311339,Human herpesvirus 5 strain Toledo
3115556,Apodemus sylvaticus betaherpesvirus
3118716,pteropodid alphaherpesvirus 2
3133207,Megaptera novaeangliae gammaherpesvirus
3134033,Spheniscid alphaherpesvirus 2
3135647,Stenella coeruleoalba alphaherpesvirus
3138777,Rhinolophus betaherpesvirus
3138778,Rhinolophus gammaherpesvirus
3141211,Arctocephalus forsteri gammaherpesvirus 1
31518,Bovine herpesvirus type 1.1 (strain Jura)
319745,Atlantic bottlenose dolphin gammaherpesvirus
3229861,Narrow-ridged finless porpoise gammaherpesvirus
3229862,False killer whale gammaherpesvirus
323230,Hylobates pileatus lymphocryptovirus 1
323232,Hylobates pileatus lymphocryptovirus
323233,Hylobates agilis lymphocryptovirus
3233541,Anatid alphaherpesvirus 3
3236710,Schreibers's long-fingered bat gammaherpesvirus
3236711,Tadarida brasiliensis betaherpesvirus 1
3236712,Tadarida brasiliensis betaherpesvirus 2
3236713,Tadarida brasiliensis gammaherpesvirus 1
3236714,Tadarida brasiliensis gammaherpesvirus 2
3236715,Tadarida brasiliensis orthoherpesvirus
332937,Chimpanzee herpesvirus strain 105640
333341,Hippotragine gammaherpesvirus 1
333342,Fallow deer lymphotropic herpesvirus
333343,Aoudad malignant catarrhal fever virus
333743,Hawaiian monk seal herpesvirus
3342603,Rattus norvegicus muromegalovirus 1
3342604,Rattus norvegicus muromegalovirus 2
3342605,Rattus norvegicus rhadinovirus 3
3342606,Rattus rattus muromegalovirus 1
3342607,Rattus rattus muromegalovirus 2
3344805,Mouse cytomegalovirus
3344809,Herpes Simplexvirus
3367009,Lymphocryptovirus macaca fascicularis
33703,Suid herpesvirus 1 strain Kaplan
33705,Alcelaphine herpesvirus 1 strain WC11
33706,Caviid betaherpesvirus 2
33707,Marek's disease herpesvirus (strain RB-1b)
33708,Murid gammaherpesvirus 4
3384751,Balaenopterid alphaherpesvirus
338561,Murine herpesvirus strain 72
338562,Murine herpesvirus strain 4556
3386057,Yunan rodent muromegalovirus 1
340907,Papiine alphaherpesvirus 2
3419753,Charadrius alphaherpesvirus 1
341979,Human herpesvirus 3 strain ppIIa
341980,Human herpesvirus 3 strain Oka vaccine
3422296,Alphaherpesvirinae sp. 8jo_Mn-blow alpha-HV
3435564,Darwin's finch alphaherpesvirus 1
3435565,Darwin's finch alphaherpesvirus 2
3435566,Darwin's finch alphaherpesvirus 3
3435784,Leporid gammaherpesvirus 6
3450415,Yangtze finless porpoise gammaherpesvirus
345308,Northern elephant seal herpesvirus
3453369,Gazella dorcas gammaherpesvirus 1
3453370,Gazella dorcas gammaherpesvirus 2
3453371,Rusa unicolor gammaherpesvirus 1
3467789,Thalassarchid alphaherpesvirus 1
3467790,Thalassarchid alphaherpesvirus 2
3467791,Puffinid alphaherpesvirus
3467792,Calonectrid alphaherpesvirus 2
3467793,Macronectid alphaherpesvirus 1
3467859,Lontra canadensis gammaherpesvirus 1
3467860,Martes americana gammaherpesvirus 1
3467861,Mephitis mephitis gammaherpesvirus 1
3467862,Mustela erminea gammaherpesvirus 1
3467863,Neogale vison gammaherpesvirus 1
3467864,Pekania pennanti gammaherpesvirus 1
3467865,Procyon lotor gammaherpesvirus 1
3467866,Ursus americanus gammaherpesvirus 1
3467870,Leporid gammaherpesvirus
3477809,Bovine gammaherpesvirus
35243,Ateline alphaherpesvirus 1
35244,Bovine alphaherpesvirus 5
35246,Cercopithecine alphaherpesvirus 9
35250,Gallid alphaherpesvirus 3
35252,Alcelaphine gammaherpesvirus 1
353282,Saimiriine herpesvirus 2 (strain 484)
353637,Elephantid herpesvirus 3
353638,Elephantid herpesvirus 4
353639,Trichechid herpesvirus 1
36345,Human alphaherpesvirus 1 strain R-15
36346,Human alphaherpesvirus 1 strain R19
36348,Cercopithecine herpesvirus 9 (strain DHV)
36350,Bovine herpesvirus 5 strain N569
36351,Human herpesvirus 6 strain Z29
36352,Human herpesvirus 4 type 1
36353,Marek's disease virus serotype 2 MDV2
36452,Stealth virus 1
364634,Elk herpesvirus
365327,Cervid alphaherpesvirus 2
3696321,Balaenoptera acutorostrata gammaherpesvirus
3696322,Balaenoptera brydei gammaherpesvirus
37106,Human alphaherpesvirus 1 strain CVG-2
37107,Human alphaherpesvirus 1 strain MGH-10
37108,Meleagrid alphaherpesvirus 1
37140,Atypical cytopathic virus
37296,Human gammaherpesvirus 8
379730,Suiformes rhadinovirus genogroup 1
397104,Eptesicus serotinus rhadinovirus 1
397105,Myotis nattereri rhadinovirus 1
397106,Nyctalus noctula rhadinovirus 1
397107,Nyctalus noctula rhadinovirus 2
397108,Pipistrellus pipistrellus rhadinovirus 1
397109,Plecotus auritus rhadinovirus 1
397367,Crocuta crocuta gammaherpesvirus 1
397368,Panthera leo gammaherpesvirus 1
397369,Rupicapra rupicapra gammaherpesvirus 1
398032,Apodemus flavicollis rhadinovirus 1
398033,Bandicota savilei rhadinovirus 1
398034,Mus caroli rhadinovirus 1
398068,Myotis nattereri betaherpesvirus
410853,Elephantid herpesvirus 5
410854,Procavid herpesvirus 1
431616,Apodemus flavicollis cytomegalovirus 1
431617,Apodemus flavicollis cytomegalovirus 2
431618,Apodemus flavicollis roseolovirus 1
431619,Apodemus sylvaticus cytomegalovirus 1
431620,Arvicola terrestris cytomegalovirus 1
431621,Bandicota indica cytomegalovirus 1
431622,Bandicota indica cytomegalovirus 2
431623,Bandicota indica cytomegalovirus 3
431624,Bandicota indica cytomegalovirus 4
431625,Clethrionomys glareolus cytomegalovirus 1
431626,Microtus agrestis cytomegalovirus 1
431627,Microtus arvalis cytomegalovirus 1
431628,Mus caroli cytomegalovirus 1
431629,Ondatra zibethicus cytomegalovirus 1
431630,Rattus exulans cytomegalovirus 1
431631,Rattus rattus cytomegalovirus 1
431632,Rattus tiomanicus cytomegalovirus 1
435895,Human herpesvirus 8 type M
436506,Bovine herpesvirus 4 (isolate LVR140)
436507,Bovine herpesvirus 4 (isolate V. test)
439203,Elephantid herpesvirus 6
45407,Bovine herpesvirus type 1.2 strain st
454123,Pipistrellus nathusii rhadinovirus 1
45455,Macacine gammaherpesvirus 4
456489,Mus cervicolor cytomegalovirus 1
456502,Mus cervicolor rhadinovirus 1
456831,Myodes glareolus cytomegalovirus 1
456832,Myodes glareolus rhadinovirus 1
456833,Apodemus flavicollis cytomegalovirus 3
46017,Leporid herpesvirus 1
462296,Macaca fascicularis rhadinovirus 2
462297,Elephas maximus gammaherpesvirus 1
462298,Sorex araneus gammaherpesvirus 1
463653,Colobus guereza cytomegalovirus 1.1
467028,Elk herpesvirus 1
467770,Papio hamadryas lymphocryptovirus 3
467771,Colobus guereza cytomegalovirus 1.2
481315,Leporid alphaherpesvirus 4
50290,Aotine betaherpesvirus 1
50292,Cercopithecine betaherpesvirus 5
50293,Leporid herpesvirus 2
50294,Psittacid alphaherpesvirus 1
517184,Equus zebra gammaherpesvirus 1
517194,Saimiri sciureus gammaherpesvirus 2
524649,Muromegalovirus C4A
524650,Muromegalovirus G4
524651,Muromegalovirus WP15B
527213,Lacerta viridis herpesvirus 1
548913,Elephant endotheliotropic herpesvirus 3
548914,Elephant endotheliotropic herpesvirus 4
550803,Cynomys herpesvirus
560999,Herpesvirus from Somali wild ass
561000,Herpesvirus from Damara zebra
561001,Herpesvirus from eastern kiang
570421,Bat simplexvirus 1
570422,Eidolon dupraenum simplexvirus 1
570423,Eidolon helvum simplexvirus 1
570424,Lonchophylla thomasi simplexvirus 1
570425,Pteropus lylei simplexvirus 1
576892,Fregata magnificens herpesvirus
643649,Squirrel monkey cytomegalovirus 1
643650,Aotine herpesvirus 2
651668,Human herpesvirus 8 strain rKSHV.219
655486,False killer whale alphaherpesvirus
655487,Melon-headed whale alphaherpesvirus
655488,Sperm whale gammaherpesvirus
655489,Stejneger's beaked whale gammaherpesvirus
656191,Tortoise Herpesvirus 4
660661,Gorilla gorilla cytomegalovirus 1.1
660662,Gorilla gorilla cytomegalovirus 2.1
660663,Gorilla gorilla cytomegalovirus 2.2
660664,Pan troglodytes cytomegalovirus 1.1
660665,Pan troglodytes cytomegalovirus 1.2
660666,Pan troglodytes cytomegalovirus 2.1
660667,Pan troglodytes cytomegalovirus 2.2
660668,Pan troglodytes cytomegalovirus 2.3
660669,Pongo pygmaeus cytomegalovirus 1.2
668548,Bat betaherpesvirus 2
672017,Otariid herpesvirus 2
672018,Delphinid herpesvirus 2
672019,Delphinid herpesvirus 8
672021,Phocid herpesvirus 5
682884,Pan troglodytes rhadinovirus 3
690285,Gaviid herpesvirus 1
690691,Common buzzard alphaherpesvirus
690692,Egyptian fruit bat betaherpesvirus
690693,Egyptian fruit bat gammaherpesvirus
690694,White-headed marmoset gammaherpesvirus
690695,Oriental small-clawed otter gammaherpesvirus
691496,Cercocebus atys lymphocryptovirus 1
691497,Chlorocebus aethiops lymphocryptovirus 2
691498,Colobus polykomos lymphocryptovirus 1
691499,Macaca thibetana lymphocryptovirus 2
691500,Piliocolobus badius lymphocryptovirus 2
691501,Pongo pygmaeus lymphocryptovirus 2
691502,Symphalangus syndactylus lymphocryptovirus 2
69156,Murine cytomegalovirus (strain K181)
69162,Human herpesvirus 5 (strain 1042)
69163,Human herpesvirus 5 (strain 2387)
69164,Human herpesvirus 5 (strain 4654)
69165,Human herpesvirus 5 strain 5040
69166,Human herpesvirus 5 (strain 5035)
69167,Human herpesvirus 5 strain 5160
69168,Human herpesvirus 5 strain 5508
69169,Human herpesvirus 5 strain PT
69256,Rhesus monkey rhadinovirus H26-95
69955,Bovine lymphotropic herpesvirus
70062,Porcine cytomegalovirus B6
70170,Green turtle herpesvirus
70171,Loggerhead turtle herpesvirus
70564,Hawaiian green turtle herpesvirus
70565,Florida green turtle herpesvirus
759753,Elephant endotheliotropic herpesvirus 1A
759754,Elephant endotheliotropic herpesvirus 1B
759755,Elephant endotheliotropic herpesvirus 2
768113,Striped dolphin herpesvirus
77836,Olive ridley turtle herpesvirus
79700,rat cytomegalovirus strain Maastricht
79889,Bovine herpesvirus type 1.1
79890,Bovine herpesvirus type 1.2
79891,Cervid alphaherpesvirus 1
79892,Rangiferine herpesvirus 1
82829,Epstein-barr virus strain p3hr-1
82830,Epstein-barr virus strain ag876
82831,Equid herpesvirus type 2 strain 86/87
82832,Equid herpesvirus type 2 strain t400/3
83440,Macropodid alphaherpesvirus 2
83534,Macaca mulatta rhadinovirus 17577
85618,Ateline gammaherpesvirus 3
862244,Equine herpesvirus Gazella/6755/NLD/2009
868565,Human herpesvirus 8 strain GK18
90959,Caretta caretta herpesvirus
90960,Chelonia mydas herpesvirus
91740,Porcine lymphotropic herpesvirus 1
91741,Porcine lymphotropic herpesvirus 2
931926,Cytomegalovirus Eptesicus fuscus/IT/USA/2009
93386,Columbid alphaherpesvirus 1
93387,Tapirus terrestris gammaherpesvirus 1
93388,Wild ass herpesvirus
93389,Zebra herpesvirus
943082,Mustelid herpesvirus-2
944969,Cynomolgus macaque cytomegalovirus strain Ottawa
946522,Human alphaherpesvirus 1 strain RH2
987113,Lophocebus aterrimus lymphocryptovirus 1
988948,Macavirus strain Steinbock13831/DEU/2009
988949,Macavirus strain Steinbock20882/DEU/2007
99803,Porcine cytomegalovirus OF-1
